{"cameraMode":{"drawMode":0,"name":"Shaded","section":"Shading Mode"},"sceneLighting":true,"audioPlay":false,"sceneViewState":{"showFog":false,"showMaterialUpdate":false,"showSkybox":false,"showFlares":false,"showImageEffects":false,"showParticleSystems":true},"in2DMode":false,"pivot":{"x":-0.55950927734375,"y":1.9008336067199708,"z":0.2057187557220459},"rotation":{"x":-0.14646649360656739,"y":-0.8501948714256287,"z":0.3145139217376709,"w":-0.3959762454032898},"size":5.080055236816406,"orthographic":false}